<?xml version="1.0" encoding="utf-8"?>
<data>
	<port>9756</port>
	<default_simple_mode>true</default_simple_mode>
	<default_line_break>true</default_line_break>
	<broadcast_unknown_cmd>true</broadcast_unknown_cmd>
	<accept_only_clients>false</accept_only_clients>
	<log_data>true</log_data>
	<allow_remote_operation>true</allow_remote_operation>
	<day_to_keep_log>20</day_to_keep_log>
	<_servers>
		<server>
			<address>127.0.0.1</address>
			<port>4444</port>
		</server>
	</_servers>
	<_servers>
		<server>
			<simple_mode>true</simple_mode>
			<line_break>false</line_break>
			<name>Lighting</name>
			<address>127.0.0.1</address>
			<port>3040</port>
			<send_heartbeat_interval>0</send_heartbeat_interval>
			<check_heartbeat_interval>0</check_heartbeat_interval>
		</server>
	</_servers>
	<clients>
		<client>
			<address>127.0.0.1</address>
		</client>
	</clients>
	<cmds>
		<cmd>
			<cmd_name>Cmd_1</cmd_name>
			<cmd_maps>

				<map>
					<map_name>Sam</map_name>
					<map_cmd>This is Cmd_1 to Sam</map_cmd>
				</map>
				<map>
					<map_name>PC_1</map_name>
					<map_cmd>This is Cmd_1 to PC_1</map_cmd>
				</map>
			</cmd_maps>
			<default>This is Cmd_1 to default</default>
		</cmd>
		<cmd>
			<cmd_name>Cmd_2</cmd_name>
			<cmd_maps>

				<map>
					<map_name>Sam</map_name>
					<map_cmd>This is Cmd_2 to Sam</map_cmd>
				</map>
			</cmd_maps>
			<default>This is Cmd_2 to default</default>
		</cmd>

		<cmd>
			<cmd_name>IOA3_1</cmd_name>
			<default>IOA3_1</default>
		</cmd>
		<cmd>
			<cmd_name>IOA4_1</cmd_name>
			<default>IOA4_1</default>
		</cmd>
		<cmd>
			<cmd_name>IOB5_1</cmd_name>
			<default>IOB5_1</default>
		</cmd>
		<cmd>
			<cmd_name>IOB6_1</cmd_name>
			<default>IOB6_1</default>
		</cmd>
		<cmd>
			<cmd_name>IOB7_1</cmd_name>
			<default>IOB7_1</default>
		</cmd>
		<cmd>
			<cmd_name>IOB7_2</cmd_name>
			<default>IOB7_2</default>
		</cmd>
		<cmd>
			<cmd_name>IOB7_2</cmd_name>
			<default>IOB7_2</default>
		</cmd>
		<cmd>
			<cmd_name>IOB7_3</cmd_name>
			<default>IOB7_3</default>
		</cmd>
		<cmd>
			<cmd_name>IOB7_4</cmd_name>
			<default>IOB7_4</default>
		</cmd>
		<cmd>
			<cmd_name>IOB7_5</cmd_name>
			<default>IOB7_5</default>
		</cmd>
		<cmd>
			<cmd_name>IOB7_6</cmd_name>
			<default>IOB7_6</default>
		</cmd>
		<cmd>
			<cmd_name>IOB7_7</cmd_name>
			<default>IOB7_7</default>
		</cmd>
		<cmd>
			<cmd_name>IOB7_8</cmd_name>
			<default>IOB7_8</default>
		</cmd>
		<cmd>
			<cmd_name>IOB7_9_1</cmd_name>
			<default>IOB7_9_1</default>
		</cmd>
		<cmd>
			<cmd_name>IOB7_9_2</cmd_name>
			<default>IOB7_9_2</default>
		</cmd>
		<cmd>
			<cmd_name>IOF8_1</cmd_name>
			<default>IOF8_1</default>
		</cmd>
		<cmd>
			<cmd_name>IOF9_1</cmd_name>
			<default>IOF9_1</default>
		</cmd>
		<cmd>
			<cmd_name>IOF10_1_1</cmd_name>
			<default>IOF10_1_1</default>
		</cmd>
		<cmd>
			<cmd_name>IOF10_2_2</cmd_name>
			<default>IOF10_2_2</default>
		</cmd>
		<cmd>
			<cmd_name>IOG10_2_2</cmd_name>
			<default>IOG10_2_2</default>
		</cmd>
		<cmd>
			<cmd_name>IOG10_6</cmd_name>
			<default>IOG10_6</default>
		</cmd>
		<cmd>
			<cmd_name>IOH11_1</cmd_name>
			<default>IOH11_1</default>
		</cmd>
		<cmd>
			<cmd_name>IOH12_1</cmd_name>
			<default>IOH12_1</default>
		</cmd>
		<cmd>
			<cmd_name>IOH13_1</cmd_name>
			<default>IOH13_1</default>
		</cmd>
		<cmd>
			<cmd_name>IOH14_1</cmd_name>
			<default>IOH14_1</default>
		</cmd>





		<cmd>
			<cmd_name>IRA3_1</cmd_name>
			<default>IRA3_1</default>
		</cmd>
		<cmd>
			<cmd_name>IRA4_1</cmd_name>
			<default>IRA4_1</default>
		</cmd>
		<cmd>
			<cmd_name>IRB5_1</cmd_name>
			<default>IRB5_1</default>
		</cmd>
		<cmd>
			<cmd_name>IRB6_1</cmd_name>
			<default>IRB6_1</default>
		</cmd>
		<cmd>
			<cmd_name>IRB7_1</cmd_name>
			<default>IRB7_1</default>
		</cmd>






		<cmd>
			<cmd_name>CUE_1_1</cmd_name>
			<default>IOA3_1</default>
		</cmd>
		<cmd>
			<cmd_name>CUE_1_2</cmd_name>
			<default>IOA4_1</default>
		</cmd>
		<cmd>
			<cmd_name>CUE_1_3</cmd_name>
			<default>IOB5_1</default>
		</cmd>
		<cmd>
			<cmd_name>CUE_2_1</cmd_name>
			<default>IOB6_1</default>
		</cmd>
		<cmd>
			<cmd_name>CUE_2_2</cmd_name>
			<default>IOB7_1</default>
		</cmd>
		<cmd>
			<cmd_name>CUE_2_3</cmd_name>
			<default>IOB7_2</default>
		</cmd>
		<cmd>
			<cmd_name>CUE_3_1</cmd_name>
			<default>IOB7_2</default>
		</cmd>
		<cmd>
			<cmd_name>CUE_3_2</cmd_name>
			<default>IOB7_3</default>
		</cmd>
		<cmd>
			<cmd_name>CUE_3_3</cmd_name>
			<default>IOB7_4</default>
		</cmd>
		<cmd>
			<cmd_name>CUE_3_4</cmd_name>
			<default>IOB7_5</default>
		</cmd>
		<cmd>
			<cmd_name>CUE_3_5</cmd_name>
			<default>IOB7_6</default>
		</cmd>
		<cmd>
			<cmd_name>CUE_3_6</cmd_name>
			<default>IOB7_7</default>
		</cmd>
		<cmd>
			<cmd_name>CUE_3_7</cmd_name>
			<default>IOB7_8</default>
		</cmd>
		<cmd>
			<cmd_name>CUE_4_1</cmd_name>
			<default>IOB7_9_1</default>
		</cmd>
		<cmd>
			<cmd_name>CUE_4_2</cmd_name>
			<default>IOB7_9_2</default>
		</cmd>
		<cmd>
			<cmd_name>CUE_4_3</cmd_name>
			<default>IOF8_1</default>
		</cmd>
		<cmd>
			<cmd_name>CUE_4_4</cmd_name>
			<default>IOF9_1</default>
		</cmd>
		<cmd>
			<cmd_name>CUE_4_5</cmd_name>
			<default>IOF10_1_1</default>
		</cmd>
		<cmd>
			<cmd_name>CUE_4_6</cmd_name>
			<default>IOF10_2_2</default>
		</cmd>
	</cmds>
</data>