<?xml version="1.0" encoding="utf-8"?>
<data>
	<port>2838</port>
	<default_simple_mode>false</default_simple_mode>
	<read_line>true</read_line>
	<line_break_code>10</line_break_code>
	<broadcast_unknown_cmd>true</broadcast_unknown_cmd>
	<loop_back_broadcast>true</loop_back_broadcast>
	<accept_only_clients>false</accept_only_clients>
	<log_data>true</log_data>
	<allow_remote_operation>true</allow_remote_operation>
	<day_to_keep_log>20</day_to_keep_log>
	<mail_host>smtp.gmail.com</mail_host>
	<mail_user>city.test@yucolab.com</mail_user>
	<mail_password>cityhall123</mail_password>
	<log_verbose>false</log_verbose>
	<policy_server>true</policy_server>
	<default_check_heartbeat_interval>0</default_check_heartbeat_interval>
	<servers>
		<_server>
			<simple_mode>true</simple_mode>
			<line_break_code></line_break_code>
			<name>Lighting</name>
			<address>192.168.6.129</address>
			<port>2838</port>
			<send_heartbeat_interval>0</send_heartbeat_interval>
			<check_heartbeat_interval>0</check_heartbeat_interval>
		</_server>
	</servers>
	<clients>
		<client>
			<address>0:0:0:0:0:0:0:1</address>
			<line_break_code>10</line_break_code>
		</client>
	</clients>
	<cmds>
		<cmd>
			<cmd_name>ZONE2</cmd_name>
			<cmd_maps>

				<map>
					<map_name>Sam</map_name>
					<map_cmd>This is Cmd_1 to Sam</map_cmd>
				</map>
				<map>
					<map_name>PC_1</map_name>
					<map_cmd>This is Cmd_1 to PC_1</map_cmd>
				</map>
			</cmd_maps>
			<default>LEFT</default>
		</cmd>
		<cmd>
			<cmd_name>ZONE3</cmd_name>
			<cmd_maps>

				<map>
					<map_name>Sam</map_name>
					<map_cmd>This is Cmd_2 to Sam</map_cmd>
				</map>
			</cmd_maps>
			<default>RIGHT</default>
		</cmd>

	</cmds>
</data>